"username";"room_name";"created_at";"updated_at";"user_id"
"test78";"Room 2";"2022-08-30 20:34:21";"2022-08-30 20:34:21";0
"test78";"Room 3";"2022-08-30 20:34:58";"2022-08-30 20:34:58";0
"vivek123";"room 789";"2022-08-30 21:03:24";"2022-08-30 21:03:24";0
"vivek123";"my room";"2022-08-30 21:14:03";"2022-08-30 21:14:03";0
"begatisy";"asasasas";"2023-03-18 06:13:49";"2023-03-18 06:13:49";3
"begatisy";"asasasas";"2023-03-18 06:15:31";"2023-03-18 06:15:31";3
"habit";"100";"2023-03-18 07:28:53";"2023-03-18 07:28:53";1
"habit";"200";"2023-03-18 07:29:12";"2023-03-18 07:29:12";1
"habit";"300";"2023-03-18 07:29:50";"2023-03-18 07:29:50";1
"habit";"assaasa";"2023-03-18 08:18:54";"2023-03-18 08:18:54";1
"habit";"asdasdas";"2023-03-18 08:22:21";"2023-03-18 08:22:21";1
"habit";"lll";"2023-03-18 08:38:57";"2023-03-18 08:38:57";1
"habit";"lll";"2023-03-18 08:40:51";"2023-03-18 08:40:51";1
"habit";"sasaas";"2023-03-18 08:50:34";"2023-03-18 08:50:34";1
"habit";"assasa";"2023-03-18 08:53:47";"2023-03-18 08:53:47";1
"habit";"4444444";"2023-03-18 08:54:07";"2023-03-18 08:54:07";1
"habit";"ddddddd";"2023-03-18 08:54:53";"2023-03-18 08:54:53";1
"admin";"this is one";"2023-03-18 10:36:48";"2023-03-18 10:36:48";9
"admin";"assaassa";"2023-03-18 11:05:22";"2023-03-18 11:05:22";9
"admin";"111111";"2023-03-18 11:05:42";"2023-03-18 11:05:42";9
"admin";"sadasdasmmm";"2023-03-18 11:11:01";"2023-03-18 11:11:01";9
"admin";"sadasdasmmm";"2023-03-18 11:12:33";"2023-03-18 11:12:33";9
"admin";"qqqq";"2023-03-18 12:49:47";"2023-03-18 12:49:47";9
"admin";"vvv";"2023-03-18 13:01:02";"2023-03-18 13:01:02";9
"admin";"asddasd";"2023-03-18 13:20:49";"2023-03-18 13:20:49";9
"admin";"asddasd";"2023-03-18 13:25:43";"2023-03-18 13:25:43";9
"admin";"asddasd";"2023-03-18 13:26:20";"2023-03-18 13:26:20";9
"admin";"tuka";"2023-03-18 15:41:51";"2023-03-18 15:41:51";9
"habit";"this";"2023-03-19 16:08:10";"2023-03-19 16:08:10";1
